Id,BIRTHDATE,DEATHDATE,SSN,DRIVERS,PASSPORT,PREFIX,FIRST,MIDDLE,LAST,SUFFIX,MAIDEN,MARITAL,RACE,ETHNICITY,GENDER,BIRTHPLACE,ADDRESS,CITY,STATE,COUNTY,FIPS,ZIP,LAT,LON,HEALTHCARE_EXPENSES,HEALTHCARE_COVERAGE,INCOME
f21ef098-e3a4-6f02-27f6-f91a81458cb7,2024-07-02,,999-62-7257,,,,Ira784,,Batz141,,,,white,nonhispanic,M,Whitman  Massachusetts  US,295 Christiansen Manor,New Bedford,Massachusetts,Bristol County,25005,02744,41.68528683536605,-70.95858691435856,200.00,5391.18,1099
29bb2499-6d07-3531-bfa9-a5d7e2dff1e1,1986-10-10,,999-70-5836,S99960467,X34106990X,Mr.,Cleo27,Jeremiah751,Mohr916,,,M,white,nonhispanic,M,Dartmouth  Massachusetts  US,849 Murphy Passage Suite 60,Springfield,Massachusetts,Hampden County,25013,01109,42.06167817856911,-72.54842181908982,6321.10,67397.18,12006
cdfc411c-e64b-08f0-be32-7318a6465e3f,2019-09-08,,999-49-3876,,,,Gabriel934,Augustus49,Daniel959,,,,white,nonhispanic,M,Boxborough  Massachusetts  US,316 Haley Alley,Worcester,Massachusetts,Worcester County,25027,01604,42.22582001809136,-71.85341535782474,21202.13,822.78,84431
e411cc97-042d-d13b-d69c-07b58b6f50a4,2009-09-09,,999-29-3782,S99961266,,,Ligia986,Devorah937,Sawayn19,,,,white,nonhispanic,F,Plainville  Massachusetts  US,251 Welch Rest Suite 55,Hingham,Massachusetts,Plymouth County,25023,02043,42.20560094028104,-70.91849115396053,28697.48,18079.14,55284
949c5a7c-95d8-eb7a-2d3e-f8e1c2651e84,1971-08-14,,999-44-1687,S99977465,X81888021X,Mrs.,Adriana394,Lizabeth515,Bins636,,Russel238,M,white,nonhispanic,F,Dracut  Massachusetts  US,149 Buckridge Street Suite 14,Whitman,Massachusetts,Plymouth County,,00000,42.075470674453314,-70.903583311883,763032.44,399290.22,84780
97d2dad3-9c56-fd69-a385-b481f7184e55,2001-11-11,,999-53-4244,S99965430,X66906599X,Ms.,Emilia403,,León820,,,,white,hispanic,F,Carolina  Puerto Rico  PR,181 Hickle Lodge Apt 24,Millis,Massachusetts,Norfolk County,,00000,42.223070938942314,-71.38997441637835,104282.52,26475.85,173617
5a61a4ad-2d74-7d98-5588-aa5540ddde67,1973-09-28,,999-26-9811,S99941943,X9740066X,Mrs.,Rossie247,,O'Hara248,,Auer97,D,white,nonhispanic,F,New Braintree  Massachusetts  US,345 Grant Corner Apt 14,Lowell,Massachusetts,Middlesex County,25017,01854,42.67202898652295,-71.33182683594532,163286.68,646327.61,218599
317e2c9f-33ad-5bcd-d97e-df6fb498d88a,1947-01-04,,999-36-6465,S99996531,X25100038X,Mr.,Aaron697,,Dicki44,,,M,white,nonhispanic,M,Waltham  Massachusetts  US,894 Hodkiewicz Estate,Methuen,Massachusetts,Essex County,25009,01844,42.75479447782964,-71.21531513812597,196654.64,717437.02,175680
edf2ac04-38ae-4838-1112-9c02c9c784e3,1995-05-09,,999-54-9647,S99933711,X12792704X,Mrs.,Nancy265,Oma395,Beahan375,JD,Heathcote539,M,white,nonhispanic,F,Norwood  Massachusetts  US,965 Hamill Terrace,Norwood,Massachusetts,Norfolk County,25021,02062,42.23368624536003,-71.21711024327634,140327.55,238027.50,56595
28aeb0a2-9eea-b78e-b2e1-6a88fd777f48,1989-03-05,,999-50-5886,S99970065,X68176452X,Mrs.,Dorthey25,,Blanda868,,Weissnat378,M,white,nonhispanic,F,Lowell  Massachusetts  US,405 Schroeder Wynd,Salem,Massachusetts,Essex County,25009,01907,42.50849309354347,-70.87335384276345,9086.24,451414.45,7041
047e8935-3832-5f36-24a8-d6a9e2792506,2000-02-02,,999-78-4641,S99943420,X50032007X,Ms.,Reta616,Dawn804,Ondricka197,,,,white,nonhispanic,F,Fall River  Massachusetts  US,671 Konopelski Fork,Boston,Massachusetts,Suffolk County,25025,02119,42.334086472801616,-71.14563349742548,352375.66,0.00,118697
fbd6d8e3-892a-9e7e-ec03-ad5e247a0497,1955-04-17,2008-08-21,999-10-5690,S99929189,X34709178X,Mrs.,Divina723,Janean397,Dietrich576,,Luettgen772,M,white,nonhispanic,F,Middleborough  Massachusetts  US,655 Wiegand Divide Suite 72,Plymouth,Massachusetts,Plymouth County,25023,02360,41.87676911219602,-70.64324359687002,966803.73,142206.12,69799
75dcb38b-00a6-b484-9e66-b63871259471,1975-02-27,2021-04-30,999-46-2265,S99951310,X87633778X,Mrs.,Coralie787,Dannielle300,Will178,,Bauch723,M,white,nonhispanic,F,Bernardston  Massachusetts  US,561 Mitchell Promenade Unit 1,New Bedford,Massachusetts,Bristol County,25005,02740,41.602703443778054,-70.98604911701212,204704.67,603951.69,29543
ebc93bd0-a6c5-63f9-1e93-266bf2cadebd,1997-10-23,,999-72-1001,S99994219,X53810167X,Mrs.,Jerri638,,Botsford977,,Ward668,M,other,hispanic,F,Burlington  Massachusetts  US,1026 Heaney Byway,Chicopee,Massachusetts,Hampden County,25013,01020,42.14586787767969,-72.57289595314491,153626.22,255557.20,47268
deabdc26-66df-d15a-f10b-ab2f811b8495,1980-12-24,,999-48-1468,S99912992,X52066125X,Mr.,Daren950,Ray930,Willms744,,,M,white,nonhispanic,M,Attleboro  Massachusetts  US,775 Dare Bridge,Sutton,Massachusetts,Worcester County,,00000,42.17820699877092,-71.78070491177483,96937.14,26690.17,40092
15d51dc9-4fa7-9bc8-a9cc-67c7b8904383,1971-11-13,,999-80-8484,S99961911,X16921854X,Mrs.,Beatrice15,Judie557,Rutherford999,,Hackett68,M,white,nonhispanic,F,Stoneham  Massachusetts  US,164 Trantow Quay Unit 55,Canton,Massachusetts,Norfolk County,,00000,42.205373777906644,-71.0920148417086,859889.69,843773.23,44387
9ae1665c-12bf-7088-03f4-2affaddaaa94,1977-06-22,2002-02-16,999-34-1851,S99957180,X8331990X,Mr.,Philip822,Tyson541,Schimmel440,,,,white,nonhispanic,M,Dartmouth  Massachusetts  US,578 Champlin Orchard,Wenham,Massachusetts,Essex County,,00000,42.599031980937745,-70.91647533223116,93261.94,55825.79,136707
bd0a438d-d08b-3441-8897-6d98890e4025,2002-10-10,,999-66-4667,S99942150,X28216410X,Mr.,Sonny285,Irvin970,Kihn564,,,,white,nonhispanic,M,Worcester  Massachusetts  US,908 Gottlieb Parade Unit 78,Saugus,Massachusetts,Essex County,25009,01906,42.500437395056906,-71.01907213499189,5716.96,87954.36,15264
676c2da3-0004-59bf-a519-f98639b5363a,2024-02-13,,999-62-7031,,,,John539,Jess275,Dooley940,,,,white,nonhispanic,M,Wakefield  Massachusetts  US,1097 Ankunding Estate Suite 94,Wellesley,Massachusetts,Norfolk County,25021,02482,42.29816005712334,-71.23410773771234,7263.32,204.78,115413
4ac8d9f9-62f2-86d0-0707-9cb21b02bba4,1975-02-27,,999-48-9315,S99962040,X82688267X,Mrs.,Madalyn472,,Smith67,,Ernser583,M,white,nonhispanic,F,Lunenburg  Massachusetts  US,792 Goodwin Underpass Unit 74,New Bedford,Massachusetts,Bristol County,25005,02745,41.635122092973695,-70.96373762621518,202298.09,658781.45,29543
af41c8ba-67c7-a847-5c11-a2f6be1f73de,1955-04-17,2020-01-21,999-44-4574,S99942155,X64427103X,Mrs.,Gennie418,Frankie174,O'Connell601,,Torphy630,M,white,nonhispanic,F,Worcester  Massachusetts  US,648 Reichert Mall Suite 84,Plymouth,Massachusetts,Plymouth County,25023,02360,41.8875228018575,-70.65788421938339,264774.14,820403.66,69799
6531012c-d8ae-bbdb-8f12-924626abf88a,1977-06-22,,999-91-2700,S99925972,X13383528X,Mr.,Wilfred787,Lyman173,Ankunding277,,,M,white,nonhispanic,M,Haverhill  Massachusetts  US,1025 Hane Orchard Unit 24,Wenham,Massachusetts,Essex County,,00000,42.556001338268395,-70.84381074449816,126877.01,9103.09,136707
1a3a3b4d-5212-9c8d-dc1d-a97a634d2b6e,2007-10-02,,999-39-7122,S99970566,,Mr.,Jarvis643,Lincoln623,Paucek755,,,,white,nonhispanic,M,Middleborough Center  Massachusetts  US,573 Lindgren Overpass Unit 62,Randolph,Massachusetts,Norfolk County,25021,02368,42.20062898347429,-71.00755859553584,54393.94,8608.63,51486
fa44a92d-661e-b8a0-9c8d-91158f8d7225,1985-12-20,,999-69-9219,S99967520,X71648200X,Mr.,Wilfredo622,Theo630,Hintz995,,,M,white,nonhispanic,M,Boston  Massachusetts  US,580 Williamson Hollow Suite 99,Maynard,Massachusetts,Middlesex County,25017,01754,42.40585138606801,-71.46135541634672,98118.97,3081.11,89970
201cd0c8-fccf-392a-1d9b-3593c6c497b2,1957-10-06,,999-92-4961,S99919406,X46018777X,Mrs.,Susan422,Phylicia571,Prosacco716,,Pfeffer420,M,black,nonhispanic,F,Ware  Massachusetts  US,918 Ward Lane Suite 73,Nantucket,Massachusetts,Nantucket County,25019,02554,41.31911385080809,-70.09455689579315,938848.24,460750.61,78219
3bed6493-1619-2572-cca9-9abe3f49263e,1928-07-21,2018-05-18,999-95-5827,S99965032,X49276590X,Mr.,Augustus49,,Weimann465,,,M,white,nonhispanic,M,Stoneham  Massachusetts  US,435 Windler Divide,Dartmouth,Massachusetts,Bristol County,,00000,41.595009804289695,-70.91316138011003,188199.91,568099.62,616030
19ab3b22-d955-3c1f-b30a-c48b7577bee2,1985-04-21,,999-70-9755,S99931279,X85575218X,Mrs.,Joann92,,Goldner995,,Lockman863,M,white,nonhispanic,F,Middleborough  Massachusetts  US,867 Auer Loaf,New Bedford,Massachusetts,Bristol County,25005,02743,41.58742208122913,-71.01552817037229,212463.77,480500.78,162606
7a922272-41a1-1481-f229-5155992520ce,2015-11-06,,999-96-9101,,,,Ferdinand55,Weston546,Smitham825,,,,white,nonhispanic,M,North Plymouth  Massachusetts  US,100 Jerde Port,Yarmouth,Massachusetts,Barnstable County,,00000,41.64574909836788,-70.25867120622847,1559.63,21593.02,12380
b45fa906-9e1b-ddb8-a621-9367612f886a,1960-10-23,,999-69-9458,S99957802,X20708791X,Mrs.,Trinity427,Hilda552,Smith67,,Schuppe920,M,white,nonhispanic,F,Waltham  Massachusetts  US,225 Conroy Village Suite 6,Canton,Massachusetts,Norfolk County,,00000,42.21551602140007,-71.12111107648524,153520.99,33727.44,42670
29e73767-fe09-b727-c63c-1125485c2003,1992-10-28,,999-22-9478,S99974553,X5433534X,Mrs.,Sheri207,Linn541,Ruecker817,,Turcotte120,M,white,nonhispanic,F,Avon  Massachusetts  US,883 Tremblay Way,Braintree,Massachusetts,Norfolk County,25021,02184,42.22874462868446,-71.02028006121692,12194.81,801973.22,18731
8adc2ed2-c05b-a2b0-d709-70e6efc4bb42,1973-04-10,,999-88-6317,S99977150,X49505889X,Mr.,Vincenzo126,Tyron580,Schulist381,,,S,white,nonhispanic,M,Cambridge  Massachusetts  US,437 Hansen Route Suite 86,New Bedford,Massachusetts,Bristol County,25005,02745,41.63269926108879,-70.93232711738192,118345.86,366275.99,24204
db784e92-edf5-da12-5f69-2564b069d6a6,2008-12-02,,999-76-5914,S99959060,,,Andres25,Evan94,Upton904,,,,white,nonhispanic,M,Easton  Massachusetts  US,472 Crist Path Unit 37,Lexington,Massachusetts,Middlesex County,25017,02420,42.41905147185033,-71.25615759355067,30182.22,21534.92,45597
e5259d50-be0f-3108-aa45-ecc878616a99,2010-05-06,,999-14-4037,,,,Larhonda769,Magda24,Schinner682,,,,white,nonhispanic,F,Boston  Massachusetts  US,1015 Bahringer Rest Apt 72,New Bedford,Massachusetts,Bristol County,25005,02747,41.6363016378165,-70.95755212502246,70775.81,472626.93,40468
ceef475a-2833-71d4-c0f8-787fe6991e6d,2000-12-04,,999-67-6841,S99939958,X48424043X,Mr.,Jeremy766,Isreal8,Cassin499,,,,asian,hispanic,M,Westfield  Massachusetts  US,925 Nicolas Trailer,Bliss Corner,Massachusetts,Bristol County,,00000,41.6443053852419,-70.93504691017279,72640.00,0.00,120382
ecc27f28-0cbc-01ae-7e0e-863861afe255,1928-07-21,,999-16-4742,S99997508,X72819677X,Mr.,Cordell41,Elbert916,Boyle917,,,S,white,nonhispanic,M,Marshfield  Massachusetts  US,176 Zboncak Trafficway Unit 72,Dartmouth,Massachusetts,Bristol County,,00000,41.550748620721436,-70.9226783389103,92373.91,255480.62,616030
97b67c54-b240-d9c7-e4e0-0b8fa1e467c5,1922-03-13,,999-63-1830,S99944498,X63554261X,Mr.,Gregorio366,Felix524,Orn563,,,S,white,nonhispanic,M,Cheshire  Massachusetts  US,573 Lebsack Ramp,Worcester,Massachusetts,Worcester County,25027,01606,42.32285409105927,-71.71579408202426,260549.11,525087.04,42138
8d5a30eb-d4a2-c8cb-9ee4-ca4b99358d10,2003-02-07,,999-98-2183,S99933479,X123142X,Ms.,Hortencia577,Cathy455,Bruen238,,,,white,nonhispanic,F,Stow  Massachusetts  US,393 Prohaska Frontage road Apt 87,Boston,Massachusetts,Suffolk County,25025,02130,42.294211758033335,-70.99283312987905,5308.90,214432.85,22085
091a7f58-82c4-fedd-5750-bfda39faa81e,2002-01-21,,999-77-2870,S99967269,X8540400X,Ms.,Beata187,Venita81,McClure239,,,,white,nonhispanic,F,Fall River  Massachusetts  US,129 Will Row Suite 86,Amherst Center,Massachusetts,Hampshire County,,00000,42.41913072892571,-72.50314362918907,121751.85,286945.94,85602
27ffb670-c93b-bacf-655b-d3897cafc8cf,1968-04-01,,999-81-7786,S99961253,X4285783X,Mr.,Darius626,Jamar151,Bosco882,,,D,white,nonhispanic,M,Melrose  Massachusetts  US,167 Murray Junction,Agawam,Massachusetts,Hampden County,25013,01001,42.07398494901349,-72.60944021303291,129535.55,107740.05,27819
f4af4788-ae45-669c-23f5-3b2c4790bfd0,1991-12-31,,999-20-4719,S99915973,X79941140X,Mrs.,Susannah249,Mirian768,Bartell116,,Leannon79,M,white,nonhispanic,F,Ipswich  Massachusetts  US,864 Crona Estate,Boston,Massachusetts,Suffolk County,25025,02115,42.35449099135148,-71.06442174094526,133063.97,449069.88,50629
0ef0e71a-e7ba-ea04-228f-d6949ee51c68,1955-04-17,,999-54-4393,S99917777,X89182233X,Mrs.,Dyan186,Karma832,Mertz280,,Hettinger594,M,white,nonhispanic,F,Palmer  Massachusetts  US,465 Waters Neck,Plymouth,Massachusetts,Plymouth County,25023,02360,41.85047382084398,-70.58168959873997,699149.56,336782.99,69799
d5be68e0-e9db-c503-77e3-48b79e63b849,1924-01-19,1995-03-01,999-81-4415,S99985289,X55698939X,Mr.,Theo630,,McClure239,,,D,white,nonhispanic,M,Marlborough  Massachusetts  US,429 Schaefer Alley,Otis,Massachusetts,Berkshire County,,00000,42.25089691129147,-73.0559053356929,235277.27,163696.88,875681
fabfe345-26af-ebbd-76b0-7d63d2660f71,1976-11-18,,999-82-6136,S99979636,X44778854X,Mr.,Randy380,Issac619,Greenfelder433,,,M,white,nonhispanic,M,Weymouth  Massachusetts  US,679 Cassin Trail,Stoughton,Massachusetts,Norfolk County,,00000,42.08149544322024,-71.12736742383426,359329.16,7695.89,35733
7020e318-652d-73a3-1261-342648b398b7,1961-08-28,,999-13-7339,S99942600,X69599403X,Mr.,Marcel580,Virgilio529,Rogahn59,,,S,white,nonhispanic,M,Barnstable  Massachusetts  US,614 Collier Rest Suite 21,Westborough,Massachusetts,Worcester County,25027,01581,42.28284232285171,-71.5858528625531,150064.71,247571.32,95172
0479078c-b7cc-9713-0be2-d90f7a3b68de,2002-05-06,,999-35-5379,S99918072,X49751378X,Mr.,Jimmie93,Aron520,Friesen796,,,,white,nonhispanic,M,Maynard  Massachusetts  US,133 Simonis Light Suite 35,Boston,Massachusetts,Suffolk County,25025,02111,42.2981120809496,-71.07337471377843,42768.17,646542.08,44986
b91e62b4-0759-3965-87fa-0e95533084a9,1993-11-08,,999-45-2269,S99937873,X52327966X,Mrs.,Mary779,Floria545,Schaden604,,Nikolaus26,M,white,nonhispanic,F,Middleborough Center  Massachusetts  US,872 Kozey Avenue,Salem,Massachusetts,Essex County,25009,01970,42.424681639892455,-70.9189852870475,8150.23,136239.84,16492
58890367-4f46-a56c-74a7-b2049a8aa222,1988-01-07,,999-16-6509,S99923637,X8324062X,Mrs.,Kaycee352,Hilaria948,Stokes453,,Runolfsdottir785,M,white,nonhispanic,F,Salem  Massachusetts  US,883 Mayer Branch Apt 34,Fairhaven,Massachusetts,Bristol County,,00000,41.612778125326294,-70.89006981776939,271321.51,452392.18,100422
3ed34e43-5c86-f936-c85e-9cd6d6cb7d94,2001-07-24,,999-80-1685,S99916495,X58078867X,Mr.,Nathan164,Kendrick479,Conroy74,,,,white,nonhispanic,M,Boston  Massachusetts  US,764 Raynor Branch Apt 37,Amherst,Massachusetts,Hampshire County,,00000,42.40222017550369,-72.52050634012457,56451.70,37022.00,120625
ebc4100e-fcee-ca77-6424-b677468a25d2,2003-12-06,,999-85-6318,S99999823,X835736X,Mr.,Adalberto916,,Kertzmann286,,,,white,nonhispanic,M,Worcester  Massachusetts  US,711 Flatley Knoll Suite 60,Boston,Massachusetts,Suffolk County,25025,02210,42.315293527469215,-71.03974097928813,14049.95,690600.77,976
3cfe0ae8-5624-288a-ee06-76ad685daaf6,1973-07-08,,999-12-9465,S99992380,X11197293X,Mrs.,Nathalie366,,Dicki44,,Marquardt819,M,white,nonhispanic,F,Springfield  Massachusetts  US,303 Wehner Well,Canton,Massachusetts,Norfolk County,,00000,42.212708827969415,-71.17236462421629,340850.88,793254.97,916559
5757deb0-214d-d127-bef1-a96c6fccbcda,2020-02-27,,999-81-7467,,,,Ignacio928,Sergio619,Tórrez28,,,,asian,hispanic,M,San Juan  Puerto Rico  PR,310 Jacobi Forge,Worcester,Massachusetts,Worcester County,25027,01604,42.318445678673605,-71.74118582612465,18249.39,0.00,64557
3ba69046-6d53-0fd5-2827-b6af250c3fc4,1960-01-15,,999-56-5163,S99965740,X26606619X,Mr.,Zachariah133,Cordell41,Anderson154,,,S,black,nonhispanic,M,Franklin  Massachusetts  US,746 Waelchi Neck Unit 62,Boston,Massachusetts,Suffolk County,25025,02131,42.30947027751245,-71.13360953925344,13181.72,228807.04,13923
faf6999f-0aef-f07f-326e-77fa4a2d6458,1999-08-20,,999-23-3086,S99963884,X10920137X,Mr.,Franklyn361,Larry532,VonRueden376,,,,white,nonhispanic,M,Revere  Massachusetts  US,771 Borer Meadow,Hadley,Massachusetts,Hampshire County,,00000,42.38392521517936,-72.520946745163,4645.28,55326.66,11766
7893bbc3-2408-2839-0721-f2df501ef9b2,1989-05-07,,999-15-3598,S99915556,X41960821X,Mrs.,Marti99,Yung349,Moore224,,Roberts511,M,asian,nonhispanic,F,Natick  Massachusetts  US,846 Hayes Loaf Apt 27,Tewksbury,Massachusetts,Middlesex County,,00000,42.589085198076695,-71.22250480334199,189897.77,408993.75,47729
62f8f5aa-e7ce-ea01-420e-447b49bf7b1e,1975-11-23,,999-78-3723,S99973818,X16169457X,Ms.,Nickole723,Bebe406,Rosenbaum794,,,S,white,nonhispanic,F,Hopkinton  Massachusetts  US,995 Rice Throughway Suite 72,Franklin,Massachusetts,Norfolk County,25021,02038,42.07564320931116,-71.38090821095476,117575.58,1032261.52,23856
d4fe6c7d-0cf1-32d6-7d0c-0eca24ab6f58,1974-10-22,,999-22-7635,S99935102,X69195352X,Ms.,Zaida719,,Aufderhar910,,,S,white,nonhispanic,F,Everett  Massachusetts  US,250 Hoppe Hollow Unit 14,Tewksbury,Massachusetts,Middlesex County,,00000,42.567000598232276,-71.26895677749593,228269.29,510067.32,165458
3f9f6e71-2f82-4c7b-c86d-700cce2daf13,1959-08-01,,999-92-6924,S99935001,X37129303X,Mr.,Kelly223,Tobias236,D'Amore443,,,D,other,nonhispanic,M,Lynn  Massachusetts  US,1036 Rosenbaum Wall Suite 50,Boston,Massachusetts,Suffolk County,25025,02110,42.353828277023126,-71.10682740662325,11933.57,282061.03,13690
fcaf26c8-0091-2e09-57cc-0192974708a7,1965-03-16,,999-65-6035,S99933451,X42028971X,Mrs.,Tenesha164,Jayne73,Kub800,,Koepp521,M,white,nonhispanic,F,Boston  Massachusetts  US,915 Fritsch Park Unit 11,Salem,Massachusetts,Essex County,25009,01970,42.56114961166542,-70.89258388150454,225726.32,383894.72,32753
82c815cb-69f7-4350-08b8-91c4b68489c7,1988-09-03,,999-76-8746,S99978401,X61084140X,Mr.,Murray856,Rico947,Yundt842,,,M,black,nonhispanic,M,Methuen  Massachusetts  US,942 Kemmer Neck Unit 3,Phillipston,Massachusetts,Worcester County,,00000,42.60255439666123,-72.17232788307491,66010.57,0.00,51374
92564c06-7bbb-f71f-77d3-3a49522daea9,2002-10-26,,999-13-7722,S99987286,X54853462X,Mr.,Melvin857,Alonzo487,Littel644,,,,white,nonhispanic,M,Worcester  Massachusetts  US,133 Trantow Mission Apt 8,Boston,Massachusetts,Suffolk County,25025,02203,42.27588245352382,-71.08877210631871,90507.20,567746.12,120143
a378be02-60c2-7d15-2544-cce9c0251160,1952-08-25,,999-69-1468,S99973455,X11926035X,Mrs.,Mari763,Mai109,Schmitt836,,Franecki195,M,black,nonhispanic,F,Fall River  Massachusetts  US,458 Boyle Port Suite 75,Weymouth,Massachusetts,Norfolk County,25021,02190,42.13946638313356,-70.96508520778207,743246.36,550090.58,40420
90f29ebc-0004-fb36-6af6-551f8b262012,1980-09-23,,999-46-7068,S99923460,X70366794X,Mr.,Alec433,,Bins636,,,M,white,nonhispanic,M,Middleborough  Massachusetts  US,911 Corkery Tunnel,Boston,Massachusetts,Suffolk County,25025,02199,42.36495899312718,-71.06101641950276,7701.29,103246.19,9915
4e1d868f-4625-4ac9-da0e-5d4ef34c48a2,1995-03-05,,999-99-2368,S99932132,X80896434X,Ms.,Elvera717,,Wiza601,,,S,white,nonhispanic,F,Boston  Massachusetts  US,198 Waters Route Unit 92,Boston,Massachusetts,Suffolk County,25025,02120,42.34447325391544,-71.02225889409468,10677.11,691766.94,1086
8aa72981-47f3-d330-2207-d56c6fc6388f,1970-03-30,,999-99-9600,S99918030,X56281637X,Mr.,Reid278,Warner493,Sipes176,,,S,white,nonhispanic,M,Plymouth  Massachusetts  US,925 Miller Light,Rowley,Massachusetts,Essex County,25009,01969,42.679573365280184,-70.85175620066542,154423.65,24032.82,126786
df31b7f0-a232-aafd-6f64-f17929614e24,1977-12-12,,999-75-6156,S99989564,X31490791X,Ms.,Nikia872,,Kerluke267,,,S,white,nonhispanic,F,Pembroke  Massachusetts  US,288 Cartwright Row,Amesbury,Massachusetts,Essex County,25009,01913,42.86965296808009,-70.92130058182128,141957.06,701610.86,446399
a4e24877-eb65-8efb-8750-2845a4831ef9,2016-09-12,,999-68-5897,,,,Romeo514,Jamal145,Schowalter414,,,,white,nonhispanic,M,Canton  Massachusetts  US,484 Ebert Row,Leverett,Massachusetts,Franklin County,,00000,42.50787438604543,-72.44364852943974,35492.92,179676.42,113370
f4e8fb93-4690-89ea-ccd9-6e8d1169c1d9,1982-10-24,,999-23-1003,S99996946,X75224375X,Ms.,Irene779,Yolanda648,Gastélum330,,,S,white,hispanic,F,Port-au-Prince  Haiti  HT,213 Kerluke Lane Unit 48,Whitinsville,Massachusetts,Worcester County,25027,01588,42.09938402700303,-71.63807096899073,327652.62,435565.57,50566
7116b861-af9a-c43f-14e5-48a7518aaf52,2006-09-02,,999-72-4194,S99994698,,Mr.,Raul814,Israel728,Green467,,,,white,nonhispanic,M,Boston  Massachusetts  US,124 Bartell Boulevard Suite 82,Dracut,Massachusetts,Middlesex County,,00000,42.650179873249805,-71.28181342833035,69365.27,24355.98,97590
f4483774-0767-40c6-e918-eb2058918270,1967-10-27,,999-71-1942,S99954527,X25787275X,Mrs.,Elsa29,Carman694,Wilkinson796,,Koch169,M,white,nonhispanic,F,Andover  Massachusetts  US,228 West Fork,New Bedford,Massachusetts,Bristol County,25005,02747,41.70648774694665,-70.90395234769962,887584.23,376338.49,120034
fa429a0b-90a9-3f24-f8dc-a3a8e170c5c4,1918-04-03,2007-03-06,999-76-4762,S99955661,X44072170X,Ms.,Lana840,Lynsey2,Leannon79,,,S,other,nonhispanic,F,Taunton  Massachusetts  US,294 Treutel Avenue,Northampton,Massachusetts,Hampshire County,25015,01062,42.32460902812174,-72.68483867456332,28925.01,1527422.65,10168
50bd0fd4-07b3-83fc-b531-6164d5099763,1974-08-15,,999-93-1562,S99970058,X2534898X,Mrs.,Lory442,Christina143,Reichel38,,Kreiger457,M,white,nonhispanic,F,Boston  Massachusetts  US,576 Bauch Tunnel Apt 35,Walpole,Massachusetts,Norfolk County,25021,02081,42.134548539909474,-71.21880577570312,353419.73,274469.08,46366
cdeec7f7-a530-5894-5bd9-62ea31a8d8c5,1962-12-25,,999-88-4109,S99958573,X71648397X,Mr.,Andrea7,Esteban536,Purdy2,,,M,white,nonhispanic,M,Lexington  Massachusetts  US,1003 Fisher Fork Apt 57,Wareham,Massachusetts,Plymouth County,,00000,41.75270926359905,-70.6985230037893,16419.68,535893.47,18152
8536f817-ef3b-a8c5-0262-c9056f77f8c1,1973-08-01,,999-88-6818,S99922872,X64099542X,Mrs.,Wenona350,Ester635,Beahan375,,Keeling57,M,white,nonhispanic,F,North Lakeville  Massachusetts  US,772 Murphy Flat Unit 90,Norfolk,Massachusetts,Norfolk County,,00000,42.100562763390414,-71.33457788846482,223454.79,437224.51,134559
d672aa6d-56f1-ffcc-c5f3-fb25dc7e0f7f,2011-10-17,,999-44-9353,,,,Jewell855,Lupe126,Moore224,,,,asian,nonhispanic,M,Maynard  Massachusetts  US,899 Grimes Course,Brookline,Massachusetts,Norfolk County,25021,02446,42.337120966165195,-71.10581496558949,39235.63,3813.76,985644
b24c735a-b16b-c75b-5863-b94fec6cc18c,1965-09-12,,999-61-9417,S99954526,X69436505X,Mr.,Chase54,Elvis145,Mohr916,,,M,white,nonhispanic,M,Milford  Massachusetts  US,730 Hand Neck Apt 78,Shrewsbury,Massachusetts,Worcester County,,00000,42.241548766916296,-71.7601019845932,487642.77,307415.74,102739
9e3891b9-f64d-6bd8-e180-3347dc792b89,2014-05-02,,999-84-7506,,,,Rayford811,Hector463,Medhurst46,,,,white,nonhispanic,M,Boston  Massachusetts  US,886 Gerhold Gateway,Northampton,Massachusetts,Hampshire County,25015,01060,42.33376270263185,-72.65352157465179,5385.35,63931.26,91528
1466dcdd-c3fa-aeca-3929-62908357a2b6,1991-09-28,,999-58-5813,S99939565,X25773738X,Ms.,Alejandrina481,Lacie818,Runte676,,,S,white,hispanic,F,Watertown  Massachusetts  US,499 Homenick Boulevard,Fall River,Massachusetts,Bristol County,25005,02721,41.66269733847768,-71.12258749120781,106953.00,289559.99,62527
79a1d6f0-fd2b-f785-eb5f-a4a417a3cc49,2016-01-31,,999-29-2455,,,,Raleigh478,,MacGyver246,,,,white,nonhispanic,M,Stow  Massachusetts  US,839 Torp Heights Apt 97,Lawrence,Massachusetts,Essex County,25009,01841,42.704135778296106,-71.16962407196455,1662.59,19902.52,2977
110e7186-30de-307b-649a-b73795f5145f,1964-03-18,,999-93-1698,S99955328,X72218849X,Mrs.,Telma919,Alene865,Kemmer137,,Kassulke119,M,white,nonhispanic,F,Westborough  Massachusetts  US,171 Goyette Mall Suite 99,Framingham,Massachusetts,Middlesex County,25017,01702,42.26895557187376,-71.46602570079753,787136.80,511294.88,45046
fc7c4ec2-7c1a-bb80-0ce5-9abc094a4b33,1997-10-27,,999-31-1842,S99915695,X83821325X,Mr.,Hong136,,Terry864,,,M,asian,nonhispanic,M,Brookline  Massachusetts  US,877 Hettinger Annex Unit 40,Everett,Massachusetts,Middlesex County,25017,02148,42.44424873898604,-71.05003616284075,59843.96,802.65,42154
43f36c09-7404-906c-7d61-d71e0c5f287a,1934-03-06,1992-12-11,999-38-3948,S99955722,X37974038X,Mr.,Bennie663,Wilson960,Hegmann834,,,M,white,nonhispanic,M,Abington  Massachusetts  US,923 Runolfsson Flat,Cambridge,Massachusetts,Middlesex County,25017,02140,42.36236681169457,-71.19676449205046,177681.26,60846.31,140499
82245279-ca2d-9e30-a0e8-8a1eb9bf610e,1918-04-03,2001-06-01,999-88-3880,S99982269,X58367404X,Mrs.,Keren761,Sook872,Price929,,Hamill307,M,other,nonhispanic,F,New Bedford  Massachusetts  US,833 Bartoletti Gateway,Northampton,Massachusetts,Hampshire County,25015,01053,42.32443359754574,-72.73410484678637,21207.90,1650693.83,10168
6858ece1-e810-5bd0-98a9-3c74fe2243c4,1954-03-07,,999-60-9371,S99944155,X8392484X,Mr.,Ignacio928,Johnathon489,Bahringer146,,,M,white,nonhispanic,M,Westborough  Massachusetts  US,331 Brown Arcade Unit 38,Falmouth,Massachusetts,Barnstable County,25001,02540,41.630201052520285,-70.64005944345803,168241.07,121917.58,110165
b88c39c9-b9c8-a044-32d3-4eb93a0111cd,1964-04-13,,999-34-2488,S99968106,X14651602X,Mr.,Winford225,Mel236,Kihn564,,,S,white,hispanic,M,South Yarmouth  Massachusetts  US,436 Kovacek Rapid Suite 99,Athol,Massachusetts,Worcester County,25027,01331,42.587386327884865,-72.18736536423258,184227.77,55668.91,137493
eef868ab-3cb3-4153-3109-e09e5f80bba4,1981-01-09,,999-60-8206,S99952576,X19386280X,Mrs.,Willia886,Melynda458,Volkman526,,Schamberger479,M,white,nonhispanic,F,Woburn  Massachusetts  US,780 Wisozk Trace,Attleboro,Massachusetts,Bristol County,44007,02861,41.9366004286494,-71.3437740582665,539154.56,260590.73,91390
02d2639f-1966-3319-1400-4e8213509a43,1966-11-25,2016-04-05,999-87-7330,S99943596,X8308007X,Mr.,Reyes140,Hershel911,Corwin846,,,S,white,nonhispanic,M,Wellesley  Massachusetts  US,399 Buckridge Wall,Boston,Massachusetts,Suffolk County,25025,02130,42.461809863085996,-71.04389729332692,90099.45,1598779.47,105302
add39a51-08af-50a9-f61b-51a97f5e6c38,1934-05-06,2014-12-04,999-74-8813,S99995512,X85935737X,Mr.,Federico589,,Donnelly343,,,M,white,hispanic,M,Salem  Massachusetts  US,427 Kuphal Flat Suite 58,Somerville,Massachusetts,Middlesex County,25017,02143,42.34207003492148,-71.11153170661629,20745.15,1225550.44,4105
f7c8f6f0-c75a-823b-6dbf-e7ec4ede6a21,2012-06-21,,999-61-7600,,,,Roxanne257,Edelmira985,Monahan736,,,,white,nonhispanic,F,Quincy  Massachusetts  US,923 Franecki Port,Millbury,Massachusetts,Worcester County,,00000,42.15216575650466,-71.82555663517209,42217.14,0.00,75521
a03b3c98-0dfb-ad8b-7a7f-c7b1a662c953,2007-02-28,,999-75-8628,S99949545,,Mr.,Toney527,Grover559,Lubowitz58,,,,white,nonhispanic,M,Bourne  Massachusetts  US,963 McGlynn Path Apt 68,Worcester,Massachusetts,Worcester County,25027,01607,42.2948600608477,-71.8130411580044,28663.89,22916.42,141275
db6a4670-9b69-0054-ac3e-226ef521780a,1991-08-04,,999-31-8517,S99988613,X86283457X,Mr.,Gerardo48,Manuel446,Sanches349,,,M,white,hispanic,M,Portsmouth  Saint John Parish  DM,439 Feil Rue,South Amherst,Massachusetts,Hampshire County,,00000,42.34440556256507,-72.51455725243642,122651.26,237997.79,138432
263ebea6-c366-2c76-55a7-5cc0780f1391,1918-04-03,1999-12-21,999-53-6550,S99991629,X8329907X,Mrs.,Peggie783,Cherish740,Waelchi213,,Hansen121,M,other,nonhispanic,F,Malden  Massachusetts  US,448 Hintz Junction,Northampton,Massachusetts,Hampshire County,25015,01063,42.32322064468532,-72.71097874142086,21531.94,1099819.83,10168
6030efbb-367b-8f79-f14e-7cdcd1a0709e,1973-05-29,,999-75-5470,S99986256,X78805191X,Ms.,Mila257,Melania287,Beahan375,,,S,white,nonhispanic,F,Boston  Massachusetts  US,497 Collier Wall Apt 49,Walpole,Massachusetts,Norfolk County,25021,02081,42.11930057851838,-71.28374561066065,489327.10,509744.33,55983
12cf7850-60ab-de0f-b65d-cca2a97498c4,1966-11-25,,999-57-3271,S99986494,X26336652X,Mr.,Dario75,Antonia30,Bradtke547,,,M,white,nonhispanic,M,Mansfield Center  Massachusetts  US,480 Robel Pathway Apt 74,Boston,Massachusetts,Suffolk County,25025,02210,42.344882750719925,-71.08103043645704,479844.97,34134.38,105302
7245122d-75a7-560f-7036-33ef6ea1d81f,1995-12-12,,999-63-9223,S99970322,X13238836X,Mr.,Marcel580,Errol226,Jacobson885,,,M,white,nonhispanic,M,Springfield  Massachusetts  US,1095 Sawayn Highlands,Amesbury,Massachusetts,Essex County,25009,01913,42.82367762606649,-70.98219390316868,61945.98,25468.35,50045
6434f6a1-59bd-7b5c-9b77-d4d6bf58daf1,2017-06-22,,999-95-1259,,,,Zana914,Annett908,Christiansen251,,,,white,nonhispanic,F,Montague  Massachusetts  US,138 Harris Ramp,Milford,Massachusetts,Worcester County,25027,01757,42.20187110000499,-71.50773713494253,9011.79,5188.98,471835
119e3077-346c-9784-d86f-e82a0956abfd,1951-05-19,,999-38-8374,S99942937,X44079874X,Mr.,Abdul218,Bradford382,Ullrich385,,,M,black,nonhispanic,M,Marblehead  Massachusetts  US,924 Johnston Common Apt 59,Medford,Massachusetts,Middlesex County,25017,02145,42.35966079796712,-71.04212081152635,208941.38,200217.72,48551
da1f50b8-9b49-f6cb-7af9-20f0c487f051,1918-04-03,1996-10-17,999-20-1023,S99977392,X25727278X,Mrs.,Madaline59,Kristeen693,Macejkovic424,,Becker968,M,other,nonhispanic,F,Fall River  Massachusetts  US,317 Prohaska Overpass Suite 32,Northampton,Massachusetts,Hampshire County,25015,01053,42.349953147738525,-72.66739384478043,19361.16,1257595.16,10168
8fecf43a-1c1a-ca77-b97a-df7b4cc33486,1972-02-20,,999-16-4465,S99941313,X7179635X,Ms.,Kiersten731,Christal240,Rau926,,,S,white,nonhispanic,F,Leominster  Massachusetts  US,569 Hane Heights Apt 88,Wilmington,Massachusetts,Middlesex County,25017,01887,42.518587405674225,-71.1768603611173,16718.77,1250934.27,10078
ed36c3eb-b9d0-acf8-5cc0-8bbdce9f319e,2002-11-17,,999-51-6270,S99976551,X47542045X,Ms.,Delila667,Yung349,McClure239,,,,white,nonhispanic,F,Berlin  Berlin  DE,258 Bergstrom Rue Suite 98,Chelsea,Massachusetts,Suffolk County,25017,02149,42.401425140969074,-70.95612209598396,83938.24,42579.71,33105
a6a29a26-3c18-7258-0297-73e0214cb6b6,1924-01-19,1987-02-12,999-26-7841,S99921811,X3706935X,Mr.,Elmer371,Elvis145,Tillman293,,,M,white,nonhispanic,M,Winchendon  Massachusetts  US,658 Gusikowski Corner,Otis,Massachusetts,Berkshire County,,00000,42.17766532810397,-73.126963652465,196063.87,704202.30,875681
fd02e6d9-44f5-42da-b394-1962d265eea8,1953-09-06,,999-37-8327,S99988122,X80015035X,Mr.,Moshe758,Darin74,Waelchi213,,,S,white,nonhispanic,M,Lynnfield  Massachusetts  US,912 Haag Byway Apt 28,Harwich Port,Massachusetts,Barnstable County,25001,02646,41.6468680541265,-70.04679788879096,148510.18,60495.87,132495
6e35e13d-2f1d-6414-ece7-ab0449651597,2009-07-19,,999-22-2057,S99917706,,,Rickey821,Clinton763,Botsford977,,,,white,nonhispanic,M,South Hadley  Massachusetts  US,501 Pagac Route,North Amherst,Massachusetts,Hampshire County,25015,01059,42.4351087177662,-72.50387836537526,44404.37,18407.89,30095
704cb91e-f0a0-4c5f-5eec-b1f8d719dbc8,1985-03-17,,999-54-4789,S99934957,X33783148X,Mrs.,Darcie474,Michel472,Schulist381,,Ondricka197,M,white,nonhispanic,F,Fitchburg  Massachusetts  US,925 Morar Lock Unit 69,Framingham,Massachusetts,Middlesex County,25017,01701,42.289401661740804,-71.44471194209781,219519.03,97922.25,145513
c2876742-3ad4-ff81-561a-553f0cc1194f,1964-09-23,,999-54-4280,S99931454,X12472173X,Mr.,Willis868,Graham902,Kuhlman484,,,S,white,nonhispanic,M,Eastham  Massachusetts  US,201 Green Knoll Suite 96,Boxford,Massachusetts,Essex County,25009,01921,42.697988900838794,-71.06269009210982,188958.80,0.00,41517
43e99cac-792f-76c3-2dac-89d74c0d41ee,1969-08-02,,999-24-4972,S99943760,X69596474X,Mr.,Bobby524,Leroy603,Lockman863,,,S,white,nonhispanic,M,Quincy  Massachusetts  US,961 Grant Quay,Dennis,Massachusetts,Barnstable County,25001,02638,41.66997846462167,-70.18105572720994,186981.97,244811.45,132716
e8c4584c-1735-9253-6207-489d4bb6d884,1918-04-03,2006-07-23,999-23-8583,S99913307,X69573083X,Mrs.,Denita497,,Beahan375,,Koelpin146,M,other,nonhispanic,F,Wareham  Massachusetts  US,851 Gutkowski Corner Apt 27,Northampton,Massachusetts,Hampshire County,25015,01063,42.2975517728488,-72.67885147598577,71553.77,2324500.63,10168
1f5345ff-bae7-b065-09dc-9f003d3277b4,1916-07-27,1964-09-19,999-97-3999,S99996472,X86322737X,Mr.,Stewart672,Hans694,Langosh790,,,S,white,nonhispanic,M,Boston  Massachusetts  US,192 Flatley Rapid,Dartmouth,Massachusetts,Bristol County,,00000,41.51970016785107,-70.92234863639126,88372.26,2043307.97,142914
49b2a9df-4581-4140-ba33-c2ff36eacb8c,1924-01-19,2009-05-14,999-75-3795,S99961170,X67452261X,Mr.,Nelson403,,Harvey63,,,D,white,nonhispanic,M,Saugus  Massachusetts  US,366 Zemlak Stravenue,Otis,Massachusetts,Berkshire County,,00000,42.18290259232462,-73.0676814371096,135228.31,290930.53,875681
74fb48a5-3664-06b8-9da6-74611677095a,1978-06-24,,999-19-4640,S99995357,X9823986X,Mrs.,Brooke250,Celeste191,Champlin946,,Buckridge80,M,white,nonhispanic,F,Boston  Massachusetts  US,532 Lindgren Frontage road,Boston,Massachusetts,Suffolk County,25025,02118,42.305385734176866,-71.07826908035251,353518.60,15139.46,42170
382e9fbc-237f-0064-af0e-a07066998811,1988-08-15,,999-48-7377,S99911447,X22499463X,Mr.,Arturo47,Eduardo902,Meraz691,,,M,white,hispanic,M,Guatemala City  Guatemala  GT,1072 Marks Bridge Suite 24,Peabody,Massachusetts,Essex County,25009,01940,42.53019417431506,-71.03116935006635,62402.81,64635.38,43023
ba142502-e0f3-9dad-5170-c11c70a11475,1948-03-07,2012-06-20,999-71-7617,S99954045,X71512523X,Mrs.,Elsy53,Mabel261,Von197,,Lebsack687,M,black,nonhispanic,F,Northampton  Massachusetts  US,117 Larson Harbor,Webster,Massachusetts,Worcester County,25027,01570,42.07013785531083,-71.83511393819565,1120821.02,654342.89,52312
79f6695f-3862-dce6-a153-a45aa6287114,1918-04-03,2002-04-07,999-57-3211,S99989401,X72462309X,Mrs.,Cherrie404,Adina377,Hickle134,,Feest103,M,other,nonhispanic,F,Boston  Massachusetts  US,372 Mills Quay Apt 79,Northampton,Massachusetts,Hampshire County,25015,01060,42.398669997577514,-72.72912287147618,25858.25,1309010.06,10168
7aa533f9-fc67-0e20-23d9-b568e17b7c40,1916-07-27,1998-07-03,999-96-6190,S99979393,X23376724X,Mr.,Augustus49,Lindsay928,Robel940,,,D,white,nonhispanic,M,Boston  Massachusetts  US,990 Homenick Haven Suite 73,Dartmouth,Massachusetts,Bristol County,,00000,41.534823384835924,-70.94241505280581,110041.44,799021.67,142914
57bf606a-0c7c-dd76-6381-e4f4693add6c,1961-05-03,,999-33-3926,S99916746,X48347295X,Mrs.,Theressa101,,Towne435,,McLaughlin530,M,other,nonhispanic,F,Dracut  Massachusetts  US,984 Herman Ville Unit 37,Springfield,Massachusetts,Hampden County,25013,01107,42.17777888759554,-72.6096783269873,32369.73,753324.04,8094
945bd392-43c8-d4d0-e62b-c40d2fb27862,1918-04-03,1999-09-22,999-61-9421,S99921584,X55673435X,Mrs.,Domenica436,Sidney996,Schimmel440,,Sauer652,D,other,nonhispanic,F,Weston  Massachusetts  US,492 Greenholt Center,Northampton,Massachusetts,Hampshire County,25015,01053,42.27738428579543,-72.64643699569125,22436.16,1634784.38,10168
9d73f78c-355d-505a-8152-e26a1cf5eefb,1948-03-07,1992-01-07,999-52-5332,S99970103,X40670080X,Mrs.,Lindsy319,Gayle448,Prosacco716,,Green467,M,black,nonhispanic,F,Falmouth  Massachusetts  US,736 Schoen Boulevard,Webster,Massachusetts,Worcester County,25027,01570,42.03886415769911,-71.89044199236743,221594.87,948008.80,52312
8918d903-78ce-7a9c-77df-c809dbd482be,1934-03-06,,999-63-9381,S99979127,X53672573X,Mr.,Mauro926,Vito638,Gleason633,,,D,white,nonhispanic,M,Duxbury  Massachusetts  US,628 Flatley Junction Apt 45,Cambridge,Massachusetts,Middlesex County,25017,02141,42.369774316523376,-71.19871800929457,173087.39,957634.52,140499
c26138be-fe95-3b83-4092-e41ef9406197,1918-04-03,1989-04-20,999-16-8477,S99968787,X74894370X,Mrs.,Myra819,Lang846,Becker968,,Stracke611,M,other,nonhispanic,F,Springfield  Massachusetts  US,523 Luettgen Rest,Northampton,Massachusetts,Hampshire County,25015,01053,42.32179273398112,-72.64315502349257,19654.94,1719317.23,10168
96121375-36cb-4d34-5c39-cf9cdb71282a,1916-07-27,1991-12-10,999-69-3753,S99919347,X28315287X,Mr.,Omer483,Charley358,Kunze215,,,M,white,nonhispanic,M,Needham  Massachusetts  US,543 Hermann Road Apt 42,Dartmouth,Massachusetts,Bristol County,,00000,41.603660691396186,-70.94677513972412,193193.35,2727026.73,142914
9813de77-d33c-90a1-b916-ddab03c42bef,1918-04-03,1981-11-11,999-66-5325,S99934157,X5648913X,Mrs.,Jennifer579,Vickey217,Balistreri607,,Jakubowski832,M,other,nonhispanic,F,Wrentham  Massachusetts  US,906 Buckridge Harbor Suite 24,Northampton,Massachusetts,Hampshire County,25015,01053,42.27461192248528,-72.62645978158322,18863.98,1203467.16,10168
a11fe050-fe84-26b8-0bbd-28f73f54a134,1924-01-19,1998-05-31,999-20-7282,S99990617,X25498609X,Mr.,Kerry175,Dee580,Leannon79,,,M,white,nonhispanic,M,Milford  Massachusetts  US,440 Bogan Light,Otis,Massachusetts,Berkshire County,,00000,42.21621268255088,-73.07261702501155,270549.79,815596.06,875681
96c5c416-2d97-3e13-5c88-831227b0b00d,1948-03-07,2001-09-21,999-88-7306,S99983342,X64331377X,Mrs.,Jodee687,Evelynn217,Schneider199,,Rath779,M,black,nonhispanic,F,Oxford  Massachusetts  US,710 Gislason Way Suite 32,Webster,Massachusetts,Worcester County,25027,01570,42.060645202816346,-71.85408790279024,1263021.56,2374048.72,52312
6d80ac96-7649-9f52-bbc3-8df1f63591da,1916-07-27,2015-10-14,999-59-6680,S99941481,X26560944X,Mr.,Mason910,Irving123,Marquardt819,,,M,white,nonhispanic,M,Milton  Massachusetts  US,709 Hansen Avenue Unit 2,Dartmouth,Massachusetts,Bristol County,,00000,41.53825132868298,-70.96371007587578,188461.92,333615.14,142914
18f25186-01d7-80c4-8692-ed8a77dcf4a2,1934-05-06,,999-31-7791,S99910108,X26174620X,Mr.,Stanton715,,Romaguera67,,,M,white,hispanic,M,Northampton  Massachusetts  US,1050 Hermiston Orchard,Somerville,Massachusetts,Middlesex County,25017,02145,42.39103262759833,-71.09948832493167,183542.23,1699023.98,4105
845a4a16-960f-2eb9-e418-9a4688abdf08,1924-01-19,1998-09-17,999-20-1574,S99953501,X36743229X,Mr.,Stephen891,,Kling921,,,M,white,nonhispanic,M,New Bedford  Massachusetts  US,1098 Bayer Frontage road Unit 84,Otis,Massachusetts,Berkshire County,,00000,42.178255491632925,-73.03543110501217,125060.50,547034.59,875681
89a8d104-e8e2-1f65-6841-5247749746d6,1948-03-07,,999-40-6732,S99925237,X1125676X,Mrs.,Sharilyn202,,Raynor401,,Tremblay80,D,black,nonhispanic,F,Malden  Massachusetts  US,321 Schumm Gateway Apt 14,Webster,Massachusetts,Worcester County,25027,01570,42.00756834505454,-71.8464688081354,820272.88,173004.89,52312
4261a0fd-ab57-c926-6b8a-1d955c04e98b,1916-07-27,1971-03-21,999-94-3913,S99917242,X36972959X,Mr.,Edwin773,Lindsey52,Bernhard322,,,M,white,nonhispanic,M,Hanover  Massachusetts  US,262 Glover Route,Dartmouth,Massachusetts,Bristol County,,00000,41.548392054788934,-70.99248160981209,144765.00,180850.11,142914
83ce1a08-baaa-4a9b-dd38-d4fe840ccdc1,1924-01-19,1979-03-07,999-83-1511,S99913423,X87882819X,Mr.,Walton167,,Stamm704,,,S,white,nonhispanic,M,Holden  Massachusetts  US,700 Block Port Unit 65,Otis,Massachusetts,Berkshire County,,00000,42.228517127887514,-73.04331065562755,118999.37,97276.41,875681
a52b6dc5-7427-9d66-fc1f-08944e96e136,1916-07-27,1996-07-31,999-13-3515,S99977433,X36549465X,Mr.,Paul232,,Crona259,,,D,white,nonhispanic,M,Scituate  Massachusetts  US,589 Fahey Ferry,Dartmouth,Massachusetts,Bristol County,,00000,41.6067860142291,-70.98760801457945,198017.78,2995512.46,142914
e311f477-033e-02aa-808e-58f27378ecaa,1918-04-03,2007-08-28,999-70-9713,S99996700,X26933349X,Mrs.,Carmen818,Collen405,Carter549,,Buckridge80,M,other,nonhispanic,F,Natick  Massachusetts  US,652 Bradtke Ramp,Northampton,Massachusetts,Hampshire County,25015,01060,42.37541806362895,-72.71379225138361,103495.65,2544148.15,10168
e3c8f887-8769-b14c-e8e7-d6535fd54a6b,1916-07-27,2008-06-12,999-13-3133,S99969072,X53310328X,Mr.,Gerard367,Glenn0,Reynolds644,,,W,white,nonhispanic,M,Mendon  Massachusetts  US,288 Yost Flat,Dartmouth,Massachusetts,Bristol County,,00000,41.57524716044931,-70.98491124189893,194143.42,432716.76,142914
28d3aac6-fb2e-6038-be24-d2860b93cbdb,1924-01-19,2002-04-18,999-41-3914,S99944042,X68771533X,Mr.,Johnson679,Brice635,Green467,,,M,white,nonhispanic,M,Lincoln  Massachusetts  US,617 Bednar Avenue,Otis,Massachusetts,Berkshire County,,00000,42.2349804184155,-73.05823935224358,233897.75,743332.78,875681
32c6b473-25d7-7124-4a76-b2355b531b2e,1918-04-03,,999-51-9325,S99928047,X54687214X,Mrs.,Deandra603,Temple691,Sipes176,,Gutmann970,W,other,nonhispanic,F,Haverhill  Massachusetts  US,802 Nikolaus Station Suite 67,Northampton,Massachusetts,Hampshire County,25015,01063,42.33362283513851,-72.71009352707611,26672.41,2034105.41,10168
b6e0823b-bba8-e414-efb4-c467cf2f3061,1916-07-27,1987-12-22,999-76-2673,S99993630,X37000999X,Mr.,Jesse626,Raymundo71,Satterfield305,,,M,white,nonhispanic,M,Belmont  Massachusetts  US,940 Collier Harbor Suite 39,Dartmouth,Massachusetts,Bristol County,,00000,41.54290038386496,-70.97084158401854,109512.37,887663.46,142914
25964e34-1844-510c-d6d7-5d83d2e0fa64,1916-07-27,2005-12-05,999-98-5325,S99941164,X43609703X,Mr.,Daryl568,Theodore876,Jacobson885,,,M,white,nonhispanic,M,Acushnet  Massachusetts  US,587 Murphy Underpass,Dartmouth,Massachusetts,Bristol County,,00000,41.57559267992237,-71.00712900586221,186512.87,375683.69,142914
5fb945da-ab0a-a62b-aaf9-2c6aed758e7d,1924-01-19,,999-85-2942,S99962691,X57467811X,Mr.,Rocco842,Marlin805,Jacobi462,,,M,white,nonhispanic,M,Fiskdale  Massachusetts  US,722 Blick View Apt 81,Otis,Massachusetts,Berkshire County,,00000,42.17917563658841,-73.06338733773994,61201.96,965531.96,875681
53e9f0d4-1984-8e64-4c1a-708b1b10435e,1916-07-27,1970-10-31,999-40-8845,S99960551,X79673655X,Mr.,Pete38,Von197,Pacocha935,,,S,white,nonhispanic,M,Lancaster  Massachusetts  US,1056 Jakubowski Divide,Dartmouth,Massachusetts,Bristol County,,00000,41.543380617643066,-70.99795777015663,203388.78,573733.04,142914
e854c97d-74c6-92bc-9ec7-789b8a5de0a4,1916-07-27,1985-09-23,999-17-2029,S99927899,X14009195X,Mr.,Franklyn361,Nathan164,Thompson596,,,D,white,nonhispanic,M,Westborough  Massachusetts  US,498 Jacobi Track Apt 75,Dartmouth,Massachusetts,Bristol County,,00000,41.60527652933899,-70.91192379331406,172673.27,57565.18,142914
53b53608-9faf-4a2c-fa61-0d5c5777ea03,1936-07-05,1989-07-26,999-62-3455,S99921859,X41196209X,Mr.,Darell496,Jordan900,Fisher429,,,D,white,nonhispanic,M,Littleton  Massachusetts  US,926 Rippin Alley,Dartmouth,Massachusetts,Bristol County,,00000,41.53758416251005,-70.91685444211635,93286.40,67240.74,142914
6e83a202-6651-2c11-f254-23b18bc385db,1936-07-05,2011-06-18,999-83-7618,S99988796,X85782205X,Mr.,Rupert654,Loren192,Kautzer186,,,M,white,nonhispanic,M,Milford  Massachusetts  US,886 Olson Haven,Dartmouth,Massachusetts,Bristol County,,00000,41.60785352085173,-70.92228918574718,312356.73,1539330.90,142914
759b3495-6b04-ccd4-34b7-300b262cce81,1936-07-05,,999-67-7986,S99973214,X38930821X,Mr.,Wilford267,Elroy493,Yost751,,,M,white,nonhispanic,M,Bellingham  Massachusetts  US,445 Flatley Knoll Unit 68,Dartmouth,Massachusetts,Bristol County,,00000,41.56703189461632,-70.97149212205414,381539.43,918186.93,142914
